Name,Score,Characters,Team,Total Played,Win %,Last Match
KJH,9294,Fox,Detroit,366,89,10/13/2017
Duck,9135,Samus,West Bloomfield,85,78,10/8/2017
Ginger,8757,Falco,Brighton,388,77,10/8/2017
Morsecode762,8224,Samus,Grand Rapids,226,80,10/7/2017
Heartstrings,8080,Sheik,Ann Arbor,357,70,10/13/2017
Anther,8068,Pikachu,Dearborn,79,78,10/7/2017
Yoyo,7972,Luigi,Ann Arbor,150,74,10/13/2017
Quang,7946,Ice Climbers,Lansing,138,77,10/7/2017
Magicubed,7735,Peach,Ann Arbor,86,70,10/7/2017
MB-Smash,7720,Sheik,Toledo,256,89,10/11/2017
999,7706,Marth,Ann Arbor,120,72,10/7/2017
Russell,7586,Fox,Lansing,210,71,10/13/2017
i4n,7502,Jigglypuff,Macomb,354,77,10/13/2017
Papyrus,7473,Marth,Macomb,329,71,9/30/2017
Kuyashi,7389,Marth,Lansing,319,71,10/13/2017
Crip,7363,Jigglypuff,Mt. Pleasant,292,75,10/7/2017
Sheep,7338,Fox,Brighton,232,65,10/7/2017
Dirtboy,7315,Peach,Mt. Pleasant,345,84,10/10/2017
tm,7270,Ganondorf,Ypsilanti,231,70,10/7/2017
Paz,7195,Fox,Lansing,111,74,10/12/2017
Techboy,7186,Ice Climbers,Taylor,354,67,10/7/2017
Burlap,7180,Peach,Kalamazoo,114,71,10/7/2017
JCubez,7089,Captain Falcon,Macomb,253,71,10/13/2017
Lain,7076,Marth,Ypsilanti,157,65,9/30/2017
Joka,7075,Fox,Ann Arbor,314,62,10/13/2017
Tran,7038,Fox,Grand Rapids,129,82,10/13/2017
Juggleguy,6865,Captain Falcon,Ann Arbor,87,66,9/17/2017
Mingee,6843,Falco,Ann Arbor,161,63,10/13/2017
Parzival,6756,Marth,Ann Arbor,254,61,10/13/2017
IDCrisis,6742,Falco,Livonia,130,64,10/13/2017
Nexic,6720,Falco,Macomb,183,63,10/13/2017
Datrooph,6717,Falco,Mt. Pleasant,147,69,9/22/2017
Walrus,6670,Sheik,Ann Arbor,268,63,10/3/2017
Hellsing,6650,Marth,Macomb,214,69,10/12/2017
1der,6612,Fox,Toledo,166,63,10/6/2017
DueL,6547,Ganondorf,Mt. Pleasant,161,67,10/13/2017
Woley,6492,Falco,Grand Rapids,118,66,10/7/2017
Honeybaked,6491,Fox,Mt. Pleasant,68,72,9/28/2017
Coin,6474,Luigi,Chelsea,402,63,10/7/2017
Napkin,6411,Sheik,Livonia,56,62,10/13/2017
Yogi Backair,6385,Peach,Lansing,157,63,10/12/2017
Duo,6334,Captain Falcon,Ann Arbor,146,61,10/6/2017
Jakpox,6291,Dr. Mario,Grass Lake,252,60,10/12/2017
Rose,6290,Peach,Macomb,274,61,10/12/2017
Hunt,6242,Captain Falcon,Macomb,237,62,10/13/2017
Jagerbombsoldier,6191,Falco,Macomb,157,58,10/12/2017
Rich,6127,Falco,Dearborn,315,56,10/13/2017
Brazmonkey,6113,Fox,Ann Arbor,33,63,9/12/2017
Beach,6038,Fox,Brighton,245,60,10/6/2017
Bigy,6016,Captain Falcon,,18,77,10/7/2017
Cali,5991,Peach,Mt. Pleasant,201,61,10/6/2017
Math,5972,Captain Falcon,Ann Arbor,85,58,10/13/2017
Coco,5972,Fox,Macomb,55,60,10/2/2017
Jubei,5958,Fox,Toledo,131,56,9/16/2017
DyMg,5953,Sheik,Ann Arbor,28,64,6/28/2017
Ossify,5910,Falco,,24,66,10/7/2017
General Heinz,5902,Captain Falcon,Kalamazoo,59,61,7/25/2017
Mars,5869,Sheik,Ann Arbor,205,55,10/13/2017
Cobb,5855,Ganondorf,Auburn Hills,92,58,10/6/2017
Paul,5847,Fox,Lansing,322,58,10/13/2017
JU4N,5842,Falco,Lansing,106,60,10/12/2017
Treetz,5782,Marth,Livonia,59,57,9/30/2017
Ryko,5777,Falco,Ann Arbor,96,58,8/18/2017
???,5766,Falco,Saginaw,105,69,7/31/2017
BigPappa,5761,Ganondorf,Macomb,38,57,10/7/2017
GoonSquad,5742,Fox,Ann Arbor,136,63,10/7/2017
Rayboyp,5728,Fox,Sault Ste. Marie,96,66,10/15/2017
SuperMegaWalrus,5695,Luigi,Mt. Pleasant,42,61,10/6/2017
Aghi,5691,Sheik,Grass Lake,330,56,10/6/2017
Pops,5686,Falco,Detroit,39,69,10/7/2017
Benji,5660,Captain Falcon,,82,58,7/25/2017
M.A.C.,5626,Ice Climbers,Ann Arbor,210,56,10/13/2017
David,5624,Marth,,32,62,10/13/2017
MajinJoseph,5624,Marth,Lansing,162,59,10/12/2017
BickTrip,5618,Fox,Mt. Pleasant,196,56,10/13/2017
Zen,5595,Peach,Mt. Pleasant,80,56,9/9/2017
808,5583,Ice Climbers,Mt. Pleasant,57,57,10/13/2017
AKA,5575,Marth,West Olive,108,62,8/19/2017
(KY) Reeve,5561,Marth,<< Out of region >>,6,66,10/7/2017
Mirrorman,5556,Fox,Mancelona,101,60,10/13/2017
Dubz,5531,Peach,Houghton,19,73,8/1/2017
Nara,5523,Falco,Houghton,66,60,8/24/2017
Will,5522,Sheik,Kalamazoo,73,60,10/13/2017
Tavi,5515,Samus,Bay City,112,62,10/5/2017
Fire,5489,Jigglypuff,Mt. Pleasant,238,55,10/12/2017
Pillars,5486,Fox,Macomb,100,59,10/6/2017
Phat,5480,Fox,,95,65,10/12/2017
Shadez,5472,Fox,Lansing,198,56,10/12/2017
CDay,5466,Fox,Wixom,203,58,10/13/2017
248,5447,Fox,Brighton,166,52,9/27/2017
Colony,5443,Ice Climbers,Lansing,271,53,10/13/2017
Shady,5427,Marth,Lansing,13,69,5/22/2017
Coupkey,5421,Falco,Mt. Pleasant,153,56,10/13/2017
Dope,5414,Falco,Lansing,21,61,7/16/2017
roki,5413,Fox,Ann Arbor,49,53,10/3/2017
Skate,5406,Falco,Brighton,235,51,10/13/2017
Jopps,5381,Captain Falcon,Lansing,104,56,10/13/2017
Zam,5364,Marth,Flint,133,54,10/6/2017
Mejonat,5358,Marth,Toledo,165,56,10/6/2017
BBQ,5357,Ice Climbers,,20,85,3/13/2017
Solharath,5340,,,62,70,9/15/2017
Deku,5312,Ice Climbers,Flint,104,61,10/6/2017
S2j,5299,Captain Falcon,Ann Arbor,97,54,10/3/2017
GMAN,5245,Ice Climbers,Jackson,141,46,10/6/2017
Paco,5227,Jigglypuff,Mt. Pleasant,139,56,10/6/2017
Paran,5202,Fox,Kalamazoo,31,58,8/1/2017
Danko,5193,Fox,Ann Arbor,68,55,9/27/2017
ADKnight,5174,Captain Falcon,Ann Arbor,27,59,10/13/2017
Mtndewgong,5157,Falco,,38,60,10/6/2017
Jackie,5153,Fox,Mt. Pleasant,172,51,10/6/2017
SilentShadow,5126,Marth,Lansing,53,58,10/13/2017
Sasha,5115,Pikachu,Ann Arbor,168,51,10/13/2017
sacredtwin,5115,Marth,Ann Arbor,97,54,10/6/2017
Lordy,5079,Captain Falcon,Ann Arbor,75,54,7/6/2017
DaNormZ,5041,Peach,Muskegon,119,53,10/6/2017
Pepsi,5019,Fox,Macomb,176,52,10/13/2017
Led Free,5002,Marth,Lansing,81,53,10/12/2017
Mr.Biz,4997,Sheik,Toledo,28,57,8/17/2017
Nyte,4986,Jigglypuff,Grand Rapids,139,56,10/13/2017
juiceboy,4981,Falco,Toledo,141,53,9/21/2017
Deep C. Squid,4957,Ganondorf,,46,58,10/6/2017
Calories,4943,Ice Climbers,Macomb,136,45,10/12/2017
Beckett,4939,Fox,Ann Arbor,235,48,10/13/2017
Pope,4932,,,11,63,7/27/2017
BigJoe,4906,Fox,Ann Arbor,111,51,10/13/2017
Astro,4904,Fox,Saginaw,108,49,10/12/2017
Lange,4900,Falco,Ann Arbor,55,54,10/6/2017
Pouch,4898,Falco,,58,53,8/4/2017
Yung Z,4896,Zelda,,73,46,9/29/2017
Egg,4888,Sheik,Howell,50,56,10/6/2017
Lakeside,4883,Marth,Muskegon,106,64,7/24/2017
Sudo,4857,Marth,Ann Arbor,122,50,10/7/2017
Zbet,4856,Falco,Kalamazoo,19,63,10/6/2017
Cdub,4840,Falco,Canton,36,55,10/6/2017
wrenches,4808,Fox,Milford,25,60,9/8/2017
Fancy,4807,Falco,Lansing,142,54,10/12/2017
Carnage,4806,Fox,Ann Arbor,30,60,10/6/2017
Train,4790,Falco,Ann Arbor,60,55,10/6/2017
Don Juan,4777,Sheik,Kalamazoo,84,50,10/6/2017
Kaiser,4763,,,29,65,3/10/2017
Lamb,4756,,,7,71,10/7/2017
N0b0dy,4741,Fox,,108,53,10/6/2017
Amac,4739,Peach,Toledo,142,44,10/6/2017
Noro,4733,Marth,Ann Arbor,108,47,9/12/2017
Luxy,4722,Marth,Ann Arbor,54,57,10/6/2017
Jasper,4705,Samus,,236,38,10/13/2017
Krump,4702,Captain Falcon,,77,48,10/6/2017
Bad Moon,4693,,,10,60,6/27/2017
Iron,4684,Falco,Dearborn,26,57,5/20/2017
Tuesday,4680,Peach,,34,55,7/18/2017
Apples,4679,Peach,Lansing,104,51,10/6/2017
Doctor Tropical,4676,Fox,Lansing,120,47,10/6/2017
SADwave,4672,,,118,54,8/14/2017
Koleslawing,4661,Jigglypuff,Lansing,168,50,10/12/2017
DankLouie,4659,Fox,Toledo,16,62,5/24/2017
Tard,4643,,,91,52,9/14/2017
Yono,4640,Captain Falcon,Novi,20,60,5/25/2017
Oven,4630,Falco,Macomb,207,46,10/6/2017
Sill Wanders,4613,Fox,Spring Arbor,41,58,8/1/2017
Karils,4603,Marth,,99,49,10/13/2017
Wild Turkey,4589,Peach,Lansing,91,57,9/27/2017
Stitchface,4585,Peach,Macomb,33,57,7/17/2017
Lamp,4583,,Macomb,24,58,6/26/2017
rodohk,4561,Marth,Ypsilanti,53,45,10/6/2017
TheChosenJuan,4548,Mario,,30,46,9/9/2017
YungBitch,4506,Sheik,Ypsilanti,126,41,10/6/2017
LemonLime,4477,,,38,57,8/18/2017
Noah,4470,,,23,69,6/29/2017
Free,4469,,,37,51,9/30/2017
Shibbypod,4462,Dr. Mario,Grand Rapids,30,46,9/9/2017
D_Lidz,4461,Falco,Macomb,196,47,10/6/2017
Tar,4442,Peach,,85,47,10/6/2017
Phaedrus,4407,Falco,Spring Lake,41,51,10/6/2017
Bosko,4385,Ice Climbers,Brighton,73,45,10/6/2017
Ceephax,4362,Falco,Macomb,108,50,9/14/2017
Childhood,4355,Fox,Macomb,30,46,9/23/2017
Bink,4345,,,16,56,7/29/2017
Skigh,4337,Samus,Flint,8,62,4/22/2017
Dimz,4320,,,11,63,9/22/2017
Grum,4302,Captain Falcon,,25,72,6/1/2017
JWinks,4291,Fox,Kalamazoo,22,40,10/6/2017
NaN,4290,Marth,Ann Arbor,46,50,6/28/2017
Lokemer,4285,,,30,56,10/13/2017
mojo,4260,Link,,29,44,10/13/2017
Osko,4254,Fox,,69,47,10/6/2017
Ros,4233,,,22,54,10/15/2017
Brazzers,4226,,,28,57,8/3/2017
Boots,4180,,,35,54,10/12/2017
L7,4167,Peach,Toledo,21,61,8/31/2017
Paper,4165,Sheik,,6,66,10/7/2017
Noshi,4159,,Sheik,33,51,10/5/2017
Starlight,4156,,,10,60,9/17/2017
Tree,4145,Sheik,,88,45,9/22/2017
JK,4137,,,6,66,9/26/2017
NotKain,4133,Fox,Toledo,11,63,10/3/2017
JoeBigs,4110,Fox,,84,45,10/13/2017
Bakinshake,4108,Fox,Jackson,178,38,10/12/2017
Aiya,4088,Marth,,86,45,10/6/2017
Scoot,4068,Captain Falcon,Macomb,72,47,9/4/2017
tketle,4048,,,46,45,10/6/2017
QBaby,4041,Fox,,161,41,10/13/2017
Havoc,4033,,,34,38,10/6/2017
Turnup_xD,3997,Peach,Brighton,99,42,10/6/2017
Starling,3991,,,32,46,9/1/2017
RockSteady,3989,,,15,60,9/30/2017
ybro,3987,,,41,51,10/11/2017
JEPR,3978,,,138,42,10/13/2017
ViT,3970,Captain Falcon,Toledo,58,50,5/31/2017
kort,3969,Fox,,6,66,7/5/2017
Life,3967,,,18,61,1/14/2017
L3375,3966,Ganondorf,,105,44,7/31/2017
Sunn,3956,,,12,66,1/18/2017
Action Master,3949,,,27,51,10/6/2017
stif,3932,Marth; Fox,,45,42,10/6/2017
Ozone,3923,Captain Falcon,Lansing,55,45,10/12/2017
Randomman,3920,,,4,75,10/15/2017
Empty Spirits,3919,Fox,Toledo,73,41,10/11/2017
Failaa,3915,,,7,85,9/5/2017
Shimo,3910,,,63,47,9/15/2017
BofaDAFalcoMeme,3908,,,5,60,7/6/2017
Danny,3907,,,9,77,9/5/2017
(BC) BOR,3886,,<< Out of region >>,5,60,10/7/2017
(CT) Arty,3877,,,4,75,10/7/2017
Ryejew,3876,Fox,,4,50,7/20/2017
Cholo Steve,3867,Falco,Kalamazoo,24,37,10/6/2017
Squishy Boy,3863,Sheik,,62,45,10/5/2017
Dux,3863,Sheik,,30,50,10/15/2017
Neth,3845,,,11,54,2/25/2017
Coburn,3843,,,6,66,5/27/2017
Keff,3839,Falco,Ann Arbor,47,53,9/5/2017
Korbo,3839,,,10,60,9/16/2017
Lamp Camp,3832,,,5,80,10/6/2017
Lando,3817,Sheik,,75,44,10/12/2017
Joba,3808,Sheik,,13,61,4/22/2017
Yata!,3794,Sheik,Grand Rapids,35,45,8/1/2017
Poi,3793,Sheik; Marth,,63,46,10/1/2017
Tequila,3782,Falco,Ypsilanti,52,40,10/6/2017
Shark,3777,Falco,,93,41,10/6/2017
ShyDude,3772,,,100,47,10/11/2017
Brum,3763,Ice Climbers; Sheik,,58,50,10/6/2017
Moggle,3760,Falco,Ann Arbor,39,33,10/6/2017
Kira,3757,Fox,,26,57,7/20/2017
Poxx,3756,Fox,,56,48,6/7/2017
Dirty Cheeser,3746,,,5,60,9/18/2017
CTL,3738,,,11,63,2/13/2017
Fate,3733,Falco,Ann Arbor,40,50,9/27/2017
Boy,3724,,,21,57,7/17/2017
Spilled Milk,3719,,,5,60,6/26/2017
Dre,3707,Marth,West Bloomfield,33,45,10/6/2017
NPV,3705,,,23,47,8/1/2017
Slyben,3681,,,135,39,10/5/2017
RyanGG,3673,Marth,,13,38,8/11/2017
Jeo,3672,Fox,Grand Rapids,112,37,10/13/2017
Ace Turner,3662,Fox,,91,45,10/6/2017
Sethsational,3655,,,13,53,9/28/2017
Dissaplin,3647,,,11,63,7/6/2017
Craetzer,3640,,,8,50,3/15/2017
scorp,3633,Falco,,4,50,6/28/2017
Hack,3609,,,42,45,5/20/2017
HamirTime,3594,Captain Falcon,,28,50,6/28/2017
Cobab,3589,,,13,46,4/22/2017
Big Brother,3587,Luigi,,35,42,10/6/2017
Soldier Boy,3582,,,5,60,2/15/2017
MasterJRoll,3582,,,8,37,8/5/2017
BreachiN,3577,Peach,,41,41,9/4/2017
DMR,3576,,Marth,92,39,10/12/2017
Artifical Flavor,3563,Luigi,,25,52,10/6/2017
3,3560,Sheik,,13,46,5/20/2017
Rue,3551,,,21,42,10/11/2017
Jimmypop23,3550,,,5,60,10/7/2017
The Box in the Striped Pajamas,3547,,,4,50,7/24/2017
Gamma,3545,,,17,47,8/9/2017
Echo97,3542,,,6,66,4/2/2017
dmg,3539,,,5,100,5/31/2017
Pihrana Plant,3529,,,5,60,6/6/2017
goose,3529,,,10,60,9/23/2017
Captain Kush,3526,Marth,,69,42,10/6/2017
Squeegee,3525,Luigi,,40,47,10/6/2017
Maclo4,3518,Marth,,13,46,6/2/2017
Hanger 18,3515,Marth,,5,60,9/21/2017
LaRosa,3505,,,6,66,10/7/2017
Jampion,3503,Pikachu,,15,60,9/30/2017
Door,3501,,,30,43,5/17/2017
PooTang,3495,,,14,57,6/15/2017
Tids,3479,,,30,50,8/10/2017
Stork,3478,Peach,,37,40,10/6/2017
Cam (Odyssey Revival),3473,,,15,53,4/18/2017
Echo,3471,,,17,41,10/6/2017
Turki,3459,,,4,50,10/13/2017
Fija,3441,Falco,,18,44,9/5/2017
h2,3434,Marth,,9,44,4/22/2017
Asmoney,3423,,,27,29,9/9/2017
Alfonso,3396,,,27,48,8/9/2017
Dindy,3393,Sheik,,52,36,8/5/2017
Neil,3379,,,16,50,10/6/2017
TrialColt,3372,Falco,,39,43,9/27/2017
Bad Horse,3367,,,16,56,5/31/2017
Shellz,3361,,,32,31,10/6/2017
~20%,3354,,,5,60,10/6/2017
Faila,3350,,,27,44,10/13/2017
Storm,3344,,,9,66,8/14/2017
Hollywood,3343,Sheik,,34,47,9/7/2017
dustgod,3331,,,9,55,10/6/2017
Lenpo,3324,Samus,,74,36,10/13/2017
josh (Wolves Den),3310,,,6,66,9/26/2017
john (Umeme),3302,,,19,52,8/4/2017
YungVersacePaperclip,3299,,,5,60,6/29/2017
Inu,3288,Fox,,17,52,10/6/2017
Xam,3282,Captain Falcon; Fox,,22,50,5/20/2017
Mo,3279,,,39,33,10/13/2017
Rilla Roo,3275,Pikachu,<< sandbagging >>,18,44,9/29/2017
Cornelius,3274,Sheik,,32,40,6/28/2017
Ellipsis,3270,,,36,47,6/9/2017
Hot Neighbor,3252,,,15,53,2/18/2017
Grab some eyes,3251,,,28,42,7/31/2017
Skraaa,3243,Sheik,,14,42,9/22/2017
Rh1thmz,3241,,,5,60,3/20/2017
NiiNii,3239,Fox,,19,47,5/3/2017
K-C,3236,Fox,Toledo,21,42,10/6/2017
yoog,3234,,,11,45,10/13/2017
TopTierRamen,3226,Falco,,47,40,5/17/2017
Cruton,3224,Marth,,88,28,8/25/2017
Drizzy,3221,,,24,54,9/8/2017
Stones,3221,Captain Falcon,,14,57,6/21/2017
Lotus,3220,,,7,57,3/11/2017
Kurt Koopa,3218,,,9,66,5/27/2017
Sainz,3214,,,5,80,4/22/2017
Amir,3191,,,20,45,4/22/2017
CEEOLM,3190,,,17,52,10/6/2017
SammyG,3187,Falco,,54,38,7/5/2017
Daniel (VR),3185,,,22,45,10/12/2017
Charlie (Kalamazoo),3174,,,6,50,8/1/2017
OldmanKarp,3173,Jigglypuff,,115,39,10/6/2017
HairyDuck,3173,Young Link,,47,38,10/11/2017
Spitz,3161,,,11,45,8/1/2017
Zephyr,3157,,,23,39,9/27/2017
WoK,3149,Ganondorf,,29,37,9/27/2017
E-N,3127,Sheik,Toledo,88,34,10/11/2017
Calvin (Geek Group),3127,,,5,60,8/25/2017
Wild Voose,3112,Ice Climbers,,17,41,8/4/2017
Zol,3096,,,35,31,8/24/2017
Inka dinka Doo,3089,,,37,37,8/18/2017
Cela,3070,Mr. Game & Watch,,9,55,9/23/2017
Wreckening,3070,,,30,43,9/29/2017
Pataflafla,3067,,,6,50,4/22/2017
enhanced,3067,,,10,60,10/6/2017
HighDef,3059,Samus,Lansing,66,25,10/12/2017
Spooky,3054,,,13,53,5/17/2017
YVPC,3036,Marth,,22,45,10/12/2017
Nerp,3034,,,22,36,10/15/2017
Cartoffel,3023,,,59,38,10/13/2017
Raqqi,3017,,,4,50,5/27/2017
Ranier,3013,,,5,60,5/10/2017
Shanahan,3006,Peach,,12,50,4/22/2017
Vorporal,3004,Ice Climbers,Lansing,36,41,10/5/2017
Necro Joe,2985,Falco,Kalamazoo,24,25,10/6/2017
Wizard of Kaz,2980,,,5,60,9/27/2017
S P A C E M A N,2978,,,60,26,10/13/2017
Tozer,2978,,,33,36,3/22/2017
Lo1ts,2972,Sheik,Toledo,9,55,4/22/2017
Dusty,2972,,,56,30,9/21/2017
Tits,2970,Samus,,43,32,9/28/2017
Woven Web,2965,,,4,50,8/3/2017
KrampusKlaus,2954,Falco,Toledo,93,30,10/6/2017
NEO,2950,,,4,50,10/3/2017
A Fraud Wobbler,2946,,,11,45,8/3/2017
Superdry,2932,,,11,54,4/11/2017
Doom Chickens,2924,,,4,50,10/6/2017
Aphex,2917,Marth,,49,26,10/12/2017
666,2916,Marth,<< sandbagging >>,5,60,10/5/2017
HAM,2915,Ice Climbers,,27,37,10/13/2017
luigi master tae,2907,,,6,66,10/6/2017
JonnyPugh,2903,,Ann Arbor,12,33,8/19/2017
Jase,2897,,,8,50,7/12/2017
Gouse,2897,,,5,60,9/16/2017
Barcode,2893,Peach,,33,30,10/6/2017
banardo,2880,,,10,50,9/29/2017
ShinsuYavi,2867,Marth,,57,28,10/6/2017
Jinjo,2862,,,10,50,4/18/2017
3bluntz@once,2860,,,11,36,8/10/2017
Zenith,2855,,,5,60,8/9/2017
Brendog,2854,,,22,40,8/1/2017
Gorx,2845,Marth,,58,36,10/6/2017
Party Poison,2834,,,53,28,9/30/2017
Wende,2820,,,8,50,9/21/2017
Double D,2815,Falco,,87,28,10/6/2017
SALZ,2810,,,26,42,10/6/2017
Grandpadorf,2808,,,26,38,10/15/2017
Bird,2793,Captain Falcon,,179,24,10/13/2017
wonderrbread,2776,,,18,33,10/6/2017
McLOud,2774,,,5,60,6/22/2017
Drama-Sama,2774,Samus,,25,44,6/4/2017
Koneil,2772,,,20,40,5/18/2017
Owlnips,2757,,,29,41,10/6/2017
Bron,2738,,,8,50,5/27/2017
Gum,2734,Sheik,,8,50,10/6/2017
BlackHavokk,2731,,,15,40,5/27/2017
Cap'n Custard,2728,,,5,60,9/14/2017
Scorpiator,2705,,,57,26,10/6/2017
Mushu,2703,,,13,38,9/27/2017
Snipes!,2693,,,6,66,6/22/2017
Dommy Salami,2691,,,5,60,2/23/2017
ManaX,2688,,,19,36,8/14/2017
Psythr,2681,Mr. Game & Watch,,26,30,8/19/2017
Surfer Jesus,2679,,,22,31,9/15/2017
Dover,2657,,,10,50,3/11/2017
Q,2650,,,5,60,3/25/2017
Rildom,2642,,Mt. Pleasant,111,27,10/13/2017
wizard,2640,,,52,34,10/6/2017
Stiff,2637,,,6,33,8/11/2017
Sugar,2626,,,8,50,9/1/2017
scrando,2620,,,5,60,7/6/2017
Anasazi,2614,Marth,,90,25,10/13/2017
Rex,2605,Pikachu,Grand Rapids,46,26,9/9/2017
Monstercat,2593,,,35,37,7/18/2017
Ricck,2589,,,44,29,10/13/2017
null,2572,,,14,42,4/22/2017
MarbleBlaster,2572,,,35,28,10/6/2017
Vaatu,2555,,,24,37,10/6/2017
marvelboy,2549,,,9,44,10/13/2017
Noble,2538,,,11,45,7/20/2017
AldenRJ,2537,,,15,26,9/30/2017
Shade,2518,,,3,33,9/15/2017
Imp,2515,,,18,44,9/7/2017
nick (Toledo),2512,,,5,60,8/3/2017
bdj,2509,,,4,50,8/11/2017
LMT,2504,,,3,66,7/16/2017
starchild,2504,,,17,35,7/6/2017
Chris (FNSD),2489,,,5,60,5/26/2017
Shahara,2486,,,12,33,7/27/2017
OffBrandCrayons,2485,,,8,50,7/6/2017
Wildcard,2475,Captain Falcon,,21,42,10/6/2017
Breeze,2474,,,9,33,9/29/2017
Den,2472,,,5,60,10/13/2017
Invader Slim,2471,,Flint,43,32,10/5/2017
NKDK,2461,Donkey Kong,,21,33,4/22/2017
PotBreaker,2460,,,8,37,3/10/2017
Modus,2442,Falco,Chelsea,70,21,10/6/2017
B0XTOP,2441,,,7,57,3/11/2017
Picasso,2441,,,5,60,8/4/2017
Track,2430,,,4,50,8/20/2017
Calvin,2419,,,15,26,8/4/2017
Smoothie,2416,Fox,,7,42,7/3/2017
Dust (FNSD),2415,,,9,44,7/13/2017
Superwaffles,2407,,,25,28,9/28/2017
THECHEF,2401,,,14,35,10/6/2017
Vessel,2397,,,4,50,8/31/2017
Popstar,2396,Falco,,66,27,10/6/2017
The Dude,2393,,,8,50,7/17/2017
Lidds,2384,,,24,33,9/17/2017
Kranny,2384,,,15,40,10/11/2017
Boozer,2377,,,7,42,9/21/2017
Asian Buffet,2372,,,5,60,2/27/2017
THai,2370,,,5,60,6/22/2017
THuGz,2364,,,4,50,10/6/2017
Wattson,2363,Peach,Grass Lake,86,26,10/6/2017
Quil,2360,,,20,35,10/6/2017
Pilot,2338,,,5,60,10/6/2017
VHS,2330,,,13,38,9/26/2017
Flare,2326,,,5,60,3/24/2017
Rep,2326,,Macomb,4,50,6/29/2017
Quinn,2320,,,5,60,10/6/2017
m8land,2318,,,12,33,7/6/2017
Chelo,2315,,,37,35,9/1/2017
mote,2313,,,4,50,10/6/2017
C_Mill24,2312,Captain Falcon,,9,33,8/17/2017
Kardinal,2309,,,28,35,9/14/2017
therealdave,2301,,,5,60,10/6/2017
Starsoldier,2298,,,16,25,10/6/2017
Vegeta,2294,,,5,60,2/25/2017
HHSweater,2282,,,12,50,7/31/2017
Mr. Lehey,2267,,,5,60,4/11/2017
Dalius,2255,,,10,40,10/6/2017
Jpops,2251,,,5,60,3/23/2017
Ruffian,2249,,,4,50,3/13/2017
Pli,2242,,,5,60,2/6/2017
Senior~~~,2240,,,7,57,1/15/2017
Game,2239,,,11,36,4/26/2017
Dark Magician Girl,2233,,,6,33,8/11/2017
aladdin,2232,,,8,50,6/14/2017
Teneo,2225,Falco,,24,25,9/1/2017
Rxnier,2217,,,4,50,5/3/2017
Dr.PNC,2212,,,21,33,7/13/2017
Nemo's Dead Mom,2211,,,9,33,10/6/2017
Youth,2207,,,13,23,8/14/2017
Nick Ahoy,2204,,,20,25,10/6/2017
Peach Dude 99,2200,,,4,50,5/25/2017
Salad,2200,,,34,26,9/21/2017
GamerGod6969,2196,,,7,42,7/27/2017
Bry,2182,,,14,42,10/1/2017
Scoops,2173,,,27,37,7/24/2017
Max $,2170,,,25,32,7/27/2017
Sparty,2169,,,5,60,10/5/2017
Turkish Delight,2166,Falco,,34,26,6/7/2017
Yash Gottem,2164,,,6,66,1/1/2017
Ikkitrix,2159,,,8,50,4/22/2017
Joey,2158,,,6,66,2/25/2017
Deep Dish,2155,,,7,42,8/4/2017
Railz,2140,Fox,,6,50,1/29/2017
LMN,2138,Sheik; Samus,,15,33,5/24/2017
threejaayz,2127,,,15,33,9/22/2017
Wolf,2114,,,3,33,6/5/2017
Tubby,2107,,,25,24,10/6/2017
JM,2091,,,80,26,10/2/2017
Tai (HTL),2089,,,10,40,8/3/2017
PupuDoodoo,2085,,,7,57,3/11/2017
ALEPH,2084,,,27,33,10/6/2017
Peat,2079,,,18,33,7/25/2017
Gax Moof,2076,,,6,66,1/27/2017
Pham,2063,,,5,20,10/13/2017
Rhythm,2054,Falco,,41,24,9/28/2017
Halo,2051,,,21,33,10/6/2017
Iron_Kaiser,2050,,,14,35,10/13/2017
Roxas,2048,,,8,37,5/16/2017
Gemini,2037,,,14,35,7/14/2017
S&S,2032,,,4,50,7/20/2017
J-Matt,2007,,,7,57,3/11/2017
monkeyzz,1998,,,44,25,10/6/2017
B17,1992,,,26,23,7/12/2017
Gryphondoor,1989,,,6,50,2/25/2017
Mufasa,1989,Jigglypuff,,108,21,10/6/2017
Zo9ine,1980,,,8,37,10/6/2017
Thinking Man,1974,,,61,21,10/6/2017
Tuna,1965,,,15,26,10/6/2017
Erisez,1958,,,5,60,5/27/2017
Riddle,1955,,,6,33,10/13/2017
BillyLoaf,1953,,,12,33,9/30/2017
Cakeman1218,1948,Fox,,28,25,8/27/2017
PoopiePete420,1940,,,4,50,10/6/2017
Samn,1936,,,4,50,5/25/2017
HSK,1916,,,4,50,10/6/2017
Food,1909,,,25,24,9/10/2017
Conchordz,1889,,,11,45,5/20/2017
Jones,1889,,,4,50,7/29/2017
ThrownOrc,1886,FThrow,,40,22,10/6/2017
Moberto,1868,,,4,50,8/9/2017
Fish$,1865,,,4,50,10/6/2017
raglbeez,1858,,,11,45,6/21/2017
Psych,1854,,,4,50,7/6/2017
Psy,1851,,,28,17,9/4/2017
Cyfer,1849,Marth,,17,29,9/14/2017
Kenpachi,1842,Fox,,23,26,7/31/2017
Smashbay,1842,,,12,33,10/1/2017
RoadApples,1837,,,7,42,4/12/2017
itstospicy,1824,Ice Climbers,,11,27,8/13/2017
DWitt,1823,,,4,50,7/10/2017
Light,1822,,,6,50,6/22/2017
Swine,1818,,,22,22,10/13/2017
Domachu,1816,,,4,50,6/8/2017
Bean,1812,,,33,15,9/9/2017
Jon Jones,1810,Marth,Kalamazoo,44,20,10/10/2017
absynthe,1808,,,19,31,8/11/2017
justmeinabox,1803,,,7,42,5/24/2017
Sleeper,1801,,,28,21,7/31/2017
Bobert,1801,,,4,50,10/6/2017
Ross,1795,,,9,44,5/27/2017
Ladies,1795,Fox,Chelsea,42,28,8/18/2017
Pablo,1794,,,18,22,8/25/2017
Night,1792,,,4,50,9/17/2017
Jecht,1777,,,4,50,10/6/2017
Rocksteady,1776,,,4,50,6/1/2017
J3,1774,,,7,42,6/9/2017
Kroko,1774,Pikachu,,11,27,9/23/2017
Rich eThug Andy,1773,,,4,50,10/12/2017
Kehbob,1771,,,8,50,2/10/2017
Brock,1762,,,10,40,6/15/2017
BTP,1759,,,7,42,1/14/2017
Monstro,1757,,,21,33,10/6/2017
Negat!ve,1746,,,4,50,10/6/2017
cocopebblez,1744,,,10,50,10/6/2017
Goblin,1740,Luigi,,37,21,10/5/2017
KingJames,1734,Marth,,5,60,3/12/2017
Ethan,1730,,,3,33,9/17/2017
UTF-8,1729,,,4,50,4/14/2017
Coleslaw,1720,Captain Falcon,,26,19,5/7/2017
Albin0,1715,,,43,16,10/6/2017
Archer,1713,,,4,50,8/9/2017
Lost,1709,,,11,27,10/11/2017
93,1706,,,4,50,3/30/2017
Stonedog,1705,Falco; Fox,,41,14,10/6/2017
Dwick,1695,,,4,50,7/17/2017
BRANDO,1689,,,4,50,10/6/2017
Respekt?,1685,,,13,30,10/11/2017
Phenopoly,1683,,,4,50,10/6/2017
Little Bucket,1678,,,40,22,10/6/2017
chentai,1675,,,5,60,1/16/2017
Cam,1672,,,4,75,2/25/2017
Savage,1670,Falco,,9,33,4/30/2017
psht-daniel,1662,Samus,,6,33,7/6/2017
Boated,1660,,,5,40,3/11/2017
Joe (END 4),1659,,,3,33,7/10/2017
Shabby,1649,,,24,33,10/6/2017
YogoTheWizard,1638,,,10,40,1/30/2017
TKoodles,1635,,,3,33,8/9/2017
Monroe,1631,Jigglypuff,,23,21,7/12/2017
Spitzey,1630,,,3,33,8/18/2017
Hentai Boy,1623,,,4,50,10/6/2017
Big Mitch,1619,,,9,33,3/17/2017
Waddle,1606,,,7,42,9/28/2017
Caltrip,1602,,,3,33,9/11/2017
Ranch Dubois,1601,,,5,40,4/22/2017
illy,1599,,,8,25,5/17/2017
Soup,1596,Marth,,41,17,8/4/2017
Gorg,1592,,,4,50,10/6/2017
Snowman,1586,,,8,25,10/3/2017
Rebel Scum,1583,,,35,22,10/6/2017
White X6,1581,,,7,42,2/22/2017
dew,1580,,,6,33,6/1/2017
loop,1579,,,3,33,3/22/2017
Exal,1577,,,6,33,4/3/2017
Wartle,1576,Falco,,4,50,8/4/2017
Drop,1575,Samus,Ann Arbor,28,17,10/13/2017
Cart,1575,,,10,40,3/31/2017
dSd,1575,,,6,33,7/20/2017
clickclack,1555,,,8,50,10/6/2017
Inquisition,1554,,,6,33,8/20/2017
royboy,1541,Marth,,12,41,9/5/2017
Jumbo Shrimp,1541,,,49,22,10/6/2017
LeadStar,1530,,,4,50,9/16/2017
Jwebb,1518,,,38,18,10/6/2017
Middleone,1517,,,5,60,3/11/2017
Microwave,1513,,,3,33,10/12/2017
Dog,1488,,,3,33,8/13/2017
Meech,1487,,,7,42,2/22/2017
Nick (Umeme),1487,,,3,33,9/17/2017
No Sleep Falco,1486,,,3,33,8/17/2017
Jam,1486,,,20,30,9/22/2017
Rosilius,1485,,,21,38,3/15/2017
4Frames,1481,,,92,16,10/6/2017
DuBubby,1472,,,4,50,8/9/2017
bobo,1471,,,70,14,10/13/2017
Kayak,1470,,,27,18,10/13/2017
Joker,1469,,,8,25,5/24/2017
Dagobow,1463,,,6,33,3/29/2017
LEMON,1448,,,4,25,4/22/2017
Hatbox367,1447,,,3,33,3/10/2017
Broly,1433,,,3,33,8/24/2017
Young PooBah,1430,,,3,33,6/14/2017
JLidds,1423,,,8,50,2/22/2017
Zap,1404,Falco,,9,33,5/31/2017
mailbox,1391,,,20,20,10/11/2017
C,1390,,,8,37,6/15/2017
Shyguy,1387,,,14,21,8/24/2017
Spirit (TBH),1382,,,3,33,10/6/2017
Kliner,1381,,,22,27,10/6/2017
AdaMaZe,1379,,,6,33,6/26/2017
Scal,1369,,,3,33,10/6/2017
Swiper,1361,,,13,15,10/13/2017
SuperTramp,1359,,,5,60,1/10/2017
denial,1357,,,4,50,5/31/2017
rognut,1354,,,4,50,8/9/2017
chingu,1341,,,3,33,9/5/2017
Good K,1332,,,12,25,8/19/2017
Juicebox,1330,,,23,17,10/6/2017
Soupaface,1327,,,8,25,9/16/2017
Gitchum,1323,,,4,50,10/6/2017
Jackzander,1322,,,3,33,10/3/2017
poup,1313,Fox,,4,50,7/5/2017
Trap Man,1311,,,5,20,9/27/2017
jsmirk,1295,Luigi,,6,33,7/5/2017
Na5ty,1289,Fox,Grass Lake,46,15,8/29/2017
Enhanced,1288,,,18,22,10/6/2017
Moof,1281,,,7,42,2/17/2017
Pinstripe Potoreo,1279,,,3,33,7/24/2017
Dustin,1275,,,3,33,9/14/2017
Ethan47,1271,,,6,16,6/29/2017
MonkBard,1271,,,30,23,10/6/2017
Shmeeges,1269,,,4,50,3/25/2017
Rails,1260,,,7,42,4/29/2017
NANCH,1250,,,3,33,3/23/2017
GarbageDay,1245,,,8,25,9/30/2017
Dizzyshoe,1245,,,8,25,8/19/2017
Oreo,1241,,,4,50,4/2/2017
Bubba,1239,,,3,33,9/17/2017
kenniky,1222,,,8,25,10/3/2017
Bazu Bsaac,1220,,,3,33,10/1/2017
HelpMeHerbDean,1219,,,7,42,10/6/2017
Quail,1214,,,3,33,10/6/2017
Jleg,1214,,,3,33,9/17/2017
Papi,1202,,,6,33,9/23/2017
Flash,1193,,,32,12,8/24/2017
Snalco,1189,,,7,28,2/25/2017
Gobos,1185,Jigglypuff,Chelsea,27,14,6/18/2017
SKRTSKRT,1182,,,6,33,10/6/2017
Burnt Wood,1178,,,10,40,10/13/2017
GGB,1176,,,14,21,6/9/2017
Tattoo,1175,,,2,50,3/11/2017
hotmama-,1145,,,6,33,2/22/2017
CATS,1139,,,3,33,10/6/2017
Green Been,1132,,,6,33,8/4/2017
REKT,1131,,,3,33,3/4/2017
LOG,1130,,,6,33,9/17/2017
Pizza,1128,,,8,25,6/28/2017
Jellocube,1120,,,19,21,10/6/2017
Gammra,1109,,,21,23,5/31/2017
Jopo,1108,Luigi,,28,17,9/5/2017
A_Beverage,1105,,,9,22,6/21/2017
THG,1101,Sheik,,36,22,10/3/2017
Dwhy,1101,,,10,20,10/3/2017
SweatySpaghetti,1099,,,14,21,10/2/2017
Steones,1090,,,4,50,6/21/2017
Demise,1088,,,9,22,8/20/2017
L-ritonez,1081,,,8,25,4/7/2017
Amish,1075,,,3,33,5/10/2017
Hercule,1075,,,9,33,7/25/2017
PCcole,1071,,,3,33,7/6/2017
Honeybadger,1070,,,12,33,6/23/2017
duckling,1064,,,3,33,3/22/2017
White Rice,1059,,,8,25,8/3/2017
mknzy,1059,,,9,11,10/3/2017
Kiki,1055,,,4,50,3/25/2017
Jake,1044,,,20,15,9/10/2017
Captain Ezekiel,1043,,,2,50,10/6/2017
Lodlob,1042,,,23,21,6/28/2017
Dollar Bill,1033,,,11,18,10/6/2017
L-Army,1032,,,3,33,8/10/2017
PSH,1032,,,3,33,6/28/2017
Fad,1031,,,13,23,3/16/2017
Soup Dumplings,1030,Ice Climbers,,47,17,10/13/2017
Void,1022,,,4,50,3/25/2017
Kissy,1022,Falco,,3,33,5/28/2017
dumidiot,1021,,,3,33,7/13/2017
Thyme,1020,,,10,20,3/31/2017
(CA) AKC,1017,,<< Out of region >>,3,33,10/6/2017
Necrojinsei,1009,,,3,33,10/6/2017
(KS) Marthus,1005,,<< Out of region >>,3,33,10/6/2017
someone,995,,,9,22,10/13/2017
Maxo,989,,,5,40,4/22/2017
Wheels,987,,,3,33,10/6/2017
Geass,986,,,4,50,1/4/2017
Colberito,984,,,8,12,10/13/2017
Squilliam Fancyson,980,Falco,,5,60,1/9/2017
RIP Dynamic,978,,,3,33,8/9/2017
Jzee,976,,,8,25,10/6/2017
Peter,973,,,8,25,4/22/2017
Cap'd,963,,,7,14,6/19/2017
cloudy,963,,,3,33,8/17/2017
Nips,957,,,3,33,10/6/2017
BIG WORM!!!!,944,,,3,33,8/24/2017
Maxssiah,943,,,3,33,8/10/2017
JumJum,939,,,6,33,5/20/2017
pkburr,938,,,7,28,4/22/2017
polodad42,938,,,34,14,6/19/2017
Notice,931,,,3,33,9/22/2017
Dash catchup,930,,,3,33,5/25/2017
Friend,929,,,3,33,6/8/2017
Chrono,926,,,10,20,10/5/2017
Fox Diciple 4,925,,,4,50,1/4/2017
HoloSan,915,,,5,20,10/6/2017
quickgame321,914,,,4,50,2/25/2017
BG6,913,,,20,20,10/12/2017
Sid The Squid,911,,,3,33,8/11/2017
Fly,900,,,3,33,7/29/2017
Cuckboi,892,,,3,33,6/5/2017
FieroGT,889,,,6,16,7/25/2017
kjez,889,,,13,23,10/6/2017
Dagobah,879,,,1,100,3/29/2017
Nano,873,,,3,33,5/26/2017
Clam,873,,,13,23,8/18/2017
Snuggleguy,869,,,2,50,5/20/2017
Naw Bae,866,,,4,50,2/17/2017
Cypher,862,,,3,33,8/31/2017
TheHazMan00,861,,,3,33,10/6/2017
Doofalo,842,,,8,25,7/21/2017
Rohan,839,,,3,33,8/9/2017
b4g3l,828,,,22,18,6/21/2017
SCARLET ROSE,825,,,4,25,4/22/2017
Tommy Bahama,821,,,3,33,8/17/2017
ez,813,,,10,20,8/31/2017
BEEL,808,Captain Falcon,,27,18,10/6/2017
Trashboat,806,,,3,33,10/5/2017
Plus_EV,804,,,3,33,10/5/2017
Sudok,804,,,5,20,9/17/2017
Finesse,803,Falco,,7,28,10/6/2017
THD,797,,,4,50,6/23/2017
Hetamaaj,796,,,23,13,10/13/2017
Ravioli,796,,,6,33,8/11/2017
Cheesesteak,796,,,26,15,7/7/2017
Mr. Happy,794,,,11,9,9/28/2017
Sully's Slave,788,,,6,33,4/7/2017
Adam (Summer of Smash),787,,,2,50,8/5/2017
Smio,787,,,4,50,7/28/2017
Rickter_Scale,774,,,3,33,10/6/2017
JareBear,766,,,3,33,6/29/2017
Pepperjack,765,,,7,28,7/18/2017
Slightly Below Mediocre Falcon,760,,,7,42,7/12/2017
IcyKardinal,752,,,4,50,2/27/2017
Chinstrap J,749,,,4,50,3/30/2017
tuck,749,,,20,10,8/19/2017
Slightly Below Mediocore Falco,745,,,3,33,8/18/2017
Haig0,742,,,3,33,10/6/2017
Demoraler,742,,,3,33,10/6/2017
superbagel,739,Dr. Mario,Lansing,25,16,8/7/2017
Harkules,722,,,6,16,10/6/2017
Moocavo,721,,,6,33,9/5/2017
drill,715,,,11,18,10/6/2017
Father Time,713,,,7,28,6/15/2017
myaah,711,,,8,25,7/6/2017
dvg,710,,,9,22,10/13/2017
LumpyHead,708,,,2,50,7/10/2017
Weird,704,,,12,16,10/12/2017
Jerrytt,701,,,3,33,9/5/2017
Cycl,690,,,5,20,7/29/2017
Stink,687,,,3,33,7/17/2017
Crumb,684,,,3,33,9/1/2017
Senahue,682,,,5,20,4/24/2017
No country for old gam,681,,,4,50,4/13/2017
Motown Clown,668,,,3,33,7/17/2017
(OH) StraightUpEGG,659,,<< Out of region >>,3,33,10/6/2017
Rolls,651,,,5,20,10/13/2017
Kento,649,,,4,50,2/3/2017
Mayme,649,,,3,33,6/22/2017
The_Gut_Smasher,648,,,8,12,8/3/2017
pineapple,640,,,7,14,8/19/2017
OBC,628,,,3,33,7/13/2017
HYDRAnt,626,,,3,33,7/10/2017
Doc,613,,,5,20,9/28/2017
Vinje,607,Captain Falcon,,11,27,9/22/2017
HBK,604,,,6,33,7/12/2017
BOFA,604,,,5,20,5/18/2017
Sophy,594,Sheik,,39,12,8/14/2017
Skvarek,592,,,34,17,5/31/2017
Drew,591,,,5,40,1/14/2017
Mister Donut,591,,,3,33,3/11/2017
Geo,587,,,4,50,2/8/2017
Yung Mu,586,,,6,33,1/25/2017
IN33DD3MRIMZ,576,,,3,33,6/29/2017
Shaggy,574,,,8,25,6/29/2017
WenDe,572,,,4,50,1/14/2017
Honeydew,570,Fox,,6,33,4/3/2017
QuiteSmashing,568,,,12,16,9/26/2017
Super Mario Sunshine,566,,,12,16,9/16/2017
Kam,565,,,5,20,5/18/2017
Zaps,565,,,14,28,10/6/2017
Pseudo,558,,,7,14,10/5/2017
Caboose,551,,,8,25,3/10/2017
Ralts,550,,,6,16,10/13/2017
Pittenturf,543,,,3,33,5/27/2017
OkaGengar,541,,,9,22,8/1/2017
YoungMoist,535,,,3,33,7/7/2017
Pengu,516,,,3,33,6/27/2017
The Walrus,511,,,4,25,6/21/2017
uGuize,511,,,3,33,10/6/2017
SuperDong,509,,,3,66,3/4/2017
Paulsucks,508,,,1,100,4/12/2017
Latte,499,,,5,20,9/14/2017
Trick Guy,498,,,5,40,3/28/2017
Collins Ozor,495,,,3,33,4/2/2017
KSL,490,,,5,20,9/5/2017
Commons,490,,,10,30,10/1/2017
FALF,485,,,17,17,5/6/2017
Yep,483,,,4,50,1/14/2017
Michael,483,,,3,33,3/6/2017
NotTryDude,483,,,3,33,5/31/2017
Weo Weo Jax,479,,,4,50,1/14/2017
Wonki,478,,,3,33,8/14/2017
Kash Kuk,477,,,6,33,1/25/2017
NTF,475,Falco,Grass Lake,19,15,7/11/2017
VincePmusic,471,,,3,33,5/27/2017
xj00shx,468,,,3,33,4/2/2017
Father,464,,,3,33,6/27/2017
Sinister,455,,,5,20,9/5/2017
Keanu Reads,451,,,7,28,3/1/2017
Datnero,448,Falco,,8,25,10/6/2017
I R NUB,448,,,7,28,10/6/2017
unkn0wnKAMI,430,,,3,33,4/30/2017
LW13,425,,,8,37,1/9/2017
The Better Calories,413,,,4,50,4/27/2017
Tiptup64,409,,,4,25,2/25/2017
Goofis,400,,,4,25,3/28/2017
Blue Ranger,399,,,6,16,7/2/2017
Jayhawker,388,,,6,33,2/3/2017
T-Hen,375,,,6,33,3/22/2017
Vash,371,Marth,Grass Lake,3,33,3/5/2017
Dob,370,,,9,11,10/13/2017
Milf,348,,,3,33,5/26/2017
cpw,346,,,3,33,6/1/2017
AI,346,,,12,16,5/1/2017
Tinyboss,342,,,4,50,2/25/2017
Petruska,341,,,5,20,4/4/2017
JT,336,Fox,Lansing,32,3,9/28/2017
Aki,334,,,3,33,5/31/2017
Field,325,,,3,33,8/20/2017
DI Moonpuncher,319,Dr. Mario,,17,11,6/28/2017
greenwing147,310,Captain Falcon,,5,20,2/22/2017
MJFrog,308,,,3,33,9/5/2017
Ryan (Umeme 62 am),287,,,4,50,6/7/2017
FreddieWhip,287,,,4,25,5/25/2017
charblaze,286,,,16,12,4/22/2017
tusk,285,,,5,20,9/5/2017
BadoofGuy,280,,,15,20,5/12/2017
Dicky,280,,,4,50,1/5/2017
Caucasian Asian,271,,,7,14,8/18/2017
50 Cal,270,,,4,50,1/22/2017
sovereign,268,,,5,20,10/6/2017
VerteX,267,Marth; Luigi,,4,50,3/5/2017
Jellyfish,263,,,6,16,10/13/2017
Squintz,256,,,7,14,9/14/2017
Sorry,255,,,11,18,6/9/2017
IW2D,248,,,3,33,4/30/2017
jfgameboy,246,,,2,0,10/13/2017
Zimmer,246,,,6,33,10/6/2017
Supaface,241,,,5,20,9/23/2017
ShuttleBus,239,,,2,0,10/6/2017
Koopi,236,,,4,25,2/25/2017
Tom (Odyssey Revival),236,,,3,33,3/28/2017
TomatoSnorlax,235,,,2,0,10/12/2017
Earth Shit and Fire,232,,,3,33,5/27/2017
GNARLBARD,217,,,3,33,3/23/2017
Nerd,210,,,3,33,5/31/2017
Brutal,207,,,6,33,2/22/2017
Leek,203,,,3,33,6/8/2017
Humblebee,200,,,3,33,6/21/2017
CrystalOnix,191,,,2,0,9/23/2017
Stew,189,,,7,14,4/17/2017
Jasper (Pool House),187,,,7,14,8/10/2017
HappyMeals,186,,,4,0,8/18/2017
Horcrux,173,,,6,33,2/22/2017
Raspberry,169,,,4,25,2/25/2017
Xodin,168,,,2,0,10/6/2017
Geos,152,,,6,0,9/15/2017
Wind,150,,,9,33,10/6/2017
Br4ndon,144,,,9,11,7/13/2017
Sniph,141,,,6,33,2/22/2017
the noon,136,,,5,20,4/30/2017
Kedan,133,,,2,0,10/12/2017
Yons,120,,,3,33,4/11/2017
Sully,114,,,18,16,4/7/2017
Alt,112,,,14,14,9/25/2017
KennyKarp,107,,,9,11,7/31/2017
Gumpy,101,,,3,33,6/22/2017
John (Endeavor),97,,,2,0,9/25/2017
Hot Karl,94,,,4,25,6/8/2017
Rosen,94,,,5,20,8/9/2017
Smalls,83,Ice Climbers,,12,16,10/10/2017
Speed Freq,82,,,4,50,1/22/2017
Malo,81,,,3,33,2/17/2017
Saltine,78,Falco,,3,33,9/21/2017
Zashi,74,,,4,50,1/9/2017
Atlantic,64,Samus,Hillsdale,5,40,3/12/2017
Albert,63,,,3,33,1/14/2017
Chromidor,63,,,3,33,5/10/2017
SiND_KILLA,62,,,3,33,4/2/2017
Ben (Umeme 63),58,,,5,20,6/14/2017
Highrise22,58,,,2,0,9/21/2017
Roku,47,,,6,33,2/22/2017
Dizcofunk,47,,,41,9,3/22/2017
Kyyyyyyyyyle,44,,,3,33,4/2/2017
Chicken Hat,43,,,2,0,10/3/2017
Atwood,42,,,3,33,6/8/2017
Str8Trippin,29,,,13,7,10/6/2017
Wham!,24,,,7,28,1/7/2017
WhooWeee,22,,,1,0,10/12/2017
Casper,21,,,7,14,10/6/2017
Dom,19,,,5,20,10/6/2017
Tobaskoh,19,,,6,0,9/28/2017
Mr.Hatsune,14,,,2,0,9/8/2017
Gr0g,12,Falco,,5,20,5/24/2017
Hi,10,,,5,20,7/27/2017
PsychoWaffle,5,,,4,50,1/14/2017
Equal,0,,,4,50,2/13/2017
XC70,0,,,1,0,10/13/2017
NCR0,0,,,3,33,1/14/2017
HairBear,0,,,2,0,9/14/2017
Rosco,0,,,2,0,9/14/2017
Neato,0,,,3,0,10/13/2017
aaronkaa,0,,,11,18,10/13/2017
The Fifth,0,,,3,0,10/13/2017
Hot Daniel,0,,,7,14,10/13/2017
Bologna,0,,,2,0,10/12/2017
KoolaidCrusade,0,,,2,0,10/12/2017
ravedave,0,,,5,20,2/11/2017
juiceman,0,,,6,33,3/11/2017
EN,0,,,3,33,2/8/2017
Captain Fresh,0,,,3,33,3/9/2017
daddy,0,,,3,33,6/8/2017
Sn0wblack,0,,,3,33,6/9/2017
Lord Roxas,0,,,6,16,6/8/2017
Energy,0,,,4,50,1/9/2017
Mocha,0,,,5,20,8/9/2017
LastNameBonk,0,,,5,20,6/7/2017
Coupon,0,,,3,33,1/14/2017
Bushels,0,,,3,33,1/13/2017
Meghna,0,,,3,33,1/9/2017
It's Cha Boi,0,,,3,33,2/11/2017
XP,0,,,3,33,2/2/2017
WOLF,0,,,2,50,4/6/2017
Protein+,0,,,3,33,3/4/2017
COP CRUSHER,0,,,3,33,1/4/2017
Dookie,0,,,6,33,1/23/2017
Beets,0,,,3,33,1/9/2017
Pyr0,0,,,3,33,2/3/2017
Sinon,0,,,3,33,2/11/2017
Silverwind,0,,,3,33,1/14/2017
Hot Turkey Samus,0,,,3,33,1/22/2017
Riley,0,,,3,33,1/1/2017
Righteous,0,,,3,33,3/10/2017
Eddie Ozor,0,,,3,33,4/2/2017
Valentine,0,Sheik,,3,33,1/11/2017
Rope Gang,0,,,4,25,3/28/2017
Croob,0,Sheik,,5,20,3/6/2017
Dr. Game & Watch,0,,,3,33,1/28/2017
Kyle,0,,,2,50,1/1/2017
FLOKI,0,,,3,33,3/23/2017
Mattybfor3,0,,,3,33,1/14/2017
Mainsir,0,,,3,33,3/25/2017
Sin,0,,,3,33,1/10/2017
Guz,0,,,4,25,1/15/2017
Right In The Clownhole,0,,,6,16,1/29/2017
Mike,0,,,6,33,2/13/2017
Houndfall,0,,,3,33,3/25/2017
Alex,0,,,3,33,1/1/2017
Marthur,0,,,5,20,4/3/2017
Stelmo,0,,,3,33,1/22/2017
_Boots,0,,,3,33,3/11/2017
Pizzabear,0,,,7,14,4/12/2017
4thwrldmrshl,0,,,6,16,1/7/2017
Boero,0,,,8,25,3/6/2017
Ethi,0,,,5,20,4/20/2017
DrewGod420,0,,,10,10,6/3/2017
HummusLover69,0,Fox,,5,20,1/14/2017
Fuji,0,,,5,20,4/17/2017
Wham,0,,,5,20,3/11/2017
UrboyGraham,0,,,4,25,3/21/2017
ELIS,0,,,6,16,2/25/2017
gdin,0,,,5,20,1/9/2017
cheers,0,,,3,33,7/6/2017
sTooPid TaRgeT,0,Captain Falcon; Marth,,5,20,2/18/2017
QwertyPotato42,0,,,5,20,1/23/2017
Flux,0,,,5,20,3/27/2017
Peco,0,,,5,20,1/25/2017
Fat_Metroid,0,Ganondorf,Hillsdale,5,20,3/12/2017
Byrd,0,,,4,25,3/31/2017
mit,0,,,5,20,3/29/2017
Red Herring,0,,,4,25,3/28/2017
helpme,0,Falco,,8,12,7/5/2017
HINKLEBURG,0,,,3,33,1/28/2017
Wario's Abs,0,Peach,,3,33,1/28/2017
Helm,0,,,3,0,6/28/2017
Rin,0,,,4,25,2/8/2017
Beezy,0,,,2,0,3/22/2017
CheepChip,0,,,2,0,5/1/2017
Beverage,0,,,10,20,4/12/2017
SiN,0,,,2,0,1/16/2017
Buster,0,,,2,0,7/11/2017
Tastybiscuits25,0,,,4,0,2/25/2017
Profrogo,0,,,2,0,5/16/2017
Shat,0,,,2,0,7/12/2017
Coach,0,,Macomb,2,0,6/29/2017
Finite Numbers,0,,,2,0,7/6/2017
The Bows,0,,,2,0,7/10/2017
Jerry++,0,,,2,0,7/27/2017
dody,0,,,2,0,3/16/2017
Donebar,0,,,2,0,8/17/2017
Milkboy,0,,,2,0,8/24/2017
Josamabinladen,0,,,2,0,8/31/2017
Artisan,0,,,2,0,5/10/2017
Freak,0,,,2,0,6/30/2017
Robjoe,0,,,2,0,5/1/2017
Juice,0,,,2,0,5/10/2017
Mackle,0,,,2,0,3/22/2017
Zyth,0,,,2,0,4/14/2017
Spicy Boi,0,,,2,0,8/10/2017
JayJayJay,0,,,5,20,8/4/2017
Michigan's Finest Zelda Main,0,,,2,0,7/27/2017
Hazards,0,,,5,20,3/15/2017
Rattastic,0,,,2,0,3/20/2017
Austin (Umeme),0,,,2,0,6/28/2017
DATA_EXPUNGED,0,Marth,,11,9,6/21/2017
Lustrick,0,,,2,0,1/14/2017
Jud,0,,,2,0,8/7/2017
El Scorcho,0,,,2,0,8/3/2017
cory,0,,,3,0,4/2/2017
bossbaby,0,,,2,0,7/10/2017
Cujo,0,,,4,0,5/28/2017
WP3,0,,,4,0,5/18/2017
Unexpired Adam,0,,,2,0,8/5/2017
YoloShag4206969,0,,,2,0,6/1/2017
Brian,0,,,2,0,8/18/2017
BDN,0,,,2,0,7/18/2017
Tasha,0,Fox,,2,0,4/3/2017
Blue,0,,,2,0,5/9/2017
CPU,0,,,2,0,5/31/2017
A Falco Main,0,,,2,0,5/24/2017
Ang3la,0,,Macomb,2,0,6/29/2017
Mr. Fahrenheit,0,Marth,,2,0,5/10/2017
Scandal,0,,,2,0,8/4/2017
Lambo,0,,,2,0,7/6/2017
KroKorona,0,,,3,0,8/5/2017
Damon,0,,,1,0,5/20/2017
Mozzarella,0,,,2,0,8/4/2017
Simo,0,,,2,0,9/5/2017
Amobia,0,,,2,0,6/23/2017
Rage,0,,,1,0,4/29/2017
Uncle Phil,0,,,2,0,5/9/2017
Fightmilk,0,,,2,0,4/26/2017
Jubba,0,,,2,0,8/28/2017
Mobius,0,,,2,0,7/12/2017
Sheep (West MI),0,,,2,0,8/14/2017
Lunch,0,,,11,9,8/10/2017
CVJ,0,,,2,0,3/1/2017
2HARD,0,,,5,0,5/4/2017
Lepotatochip,0,,,2,0,1/16/2017
FullMetal,0,,,2,0,3/20/2017
Link7everlord,0,,,2,0,7/10/2017
Smino,0,,,2,0,8/11/2017
Curry,0,,,2,0,2/6/2017
Model,0,,,4,0,7/27/2017
AceIdiot,0,,,6,16,6/14/2017
Walterlew,0,,,2,0,3/11/2017
Bison,0,,,1,0,6/8/2017
moby,0,,,2,0,1/16/2017
Best Bowser In Ohio,0,,,2,0,6/21/2017
Xander,0,,,3,0,6/22/2017
Nick (Endeavour),0,,,2,0,7/3/2017
DocBrown,0,,,1,0,6/9/2017
Left,0,,,2,0,1/25/2017
Hot Mama,0,,,2,0,6/19/2017
Itches,0,Young Link,,3,0,5/6/2017
Doc B,0,,,2,0,6/22/2017
1Girl2Cups,0,,,2,0,5/17/2017
A homeless man,0,,,2,0,5/3/2017
Elm,0,,,4,0,4/12/2017
L.O.B.,0,,,2,0,5/18/2017
Deputy,0,,,12,8,4/24/2017
Theodore,0,Sheik,,30,6,6/21/2017
Nolann,0,,,2,0,4/2/2017
RaGekaczynski,0,,,4,0,2/25/2017
Loaf,0,,,2,0,9/21/2017
Brenden Sucks,0,,,2,0,6/7/2017
Pitrick,0,Luigi,Lansing,2,0,9/21/2017
Girl,0,,,1,0,8/9/2017
Bodankles,0,,,6,16,10/6/2017
Crazy Ninja,0,,,2,0,7/17/2017
Dan,0,,,2,0,4/9/2017
Eli,0,,,2,0,3/6/2017
Skelly,0,,,2,0,9/17/2017
Clutch Cargo,0,,,2,0,8/4/2017
David (Endeavor 10),0,,,2,0,7/31/2017
Rez,0,,,2,0,1/18/2017
Sly,0,,,2,0,2/11/2017
lil mayo,0,,,5,0,6/3/2017
MayChan,0,,,2,0,8/16/2017
C-Stick,0,,,2,0,6/15/2017
Frog,0,,,8,25,3/15/2017
Odinson,0,Ganondorf,,2,0,6/28/2017
meme,0,,,4,0,3/6/2017
NormalPunch,0,,,2,0,2/22/2017
Wut,0,,,2,0,10/1/2017
buildme,0,,,2,0,4/2/2017
Douglas Vortex,0,,Macomb,2,0,6/29/2017
Jin,0,,,2,0,4/26/2017
The Real Elmo,0,,,4,0,4/22/2017
Rhythmz,0,,,4,0,9/21/2017
jstuts,0,,,2,0,1/25/2017
Benz,0,,,2,0,5/22/2017
Froppy,0,,,2,0,7/10/2017
StinkyDad,0,,,2,0,5/3/2017
FUXY,0,,,2,0,5/10/2017
Poppy,0,,,2,0,9/30/2017
Guck,0,,,2,0,7/29/2017
Shmoe,0,Fox,,2,0,4/12/2017
Vizn,0,,,16,6,10/6/2017
Abjar,0,,,2,0,6/15/2017
Beb,0,,,2,0,7/20/2017
Babs,0,,,22,4,10/13/2017
Christian,0,,,5,20,2/13/2017
Shruggs,0,,,2,0,8/24/2017
P.Nut,0,,,2,0,8/10/2017
NA | Chloride,0,,,2,0,3/3/2017
Ryann,0,,,6,0,10/12/2017
vequ,0,,,2,0,8/31/2017
Accursed mite 313,0,,,2,0,4/6/2017
UnderTale2005,0,,,1,0,6/15/2017
Woodrow14,0,,,2,0,6/15/2017
JB Smoothie,0,,,2,0,9/14/2017
MLG,0,,,2,0,2/20/2017
Leo,0,,,2,0,2/20/2017
Bob%,0,,,2,0,2/1/2017
prest0,0,,,2,0,1/14/2017
Fergus,0,,,2,0,9/22/2017
Cree,0,,,2,0,7/17/2017
Superfly,0,,,4,0,5/12/2017
SauceSage,0,,,5,0,5/20/2017
Jefe,0,,,2,0,1/13/2017
FullTilt,0,,,2,0,9/16/2017
Quill,0,,,2,0,7/10/2017
travis11997,0,,,2,0,3/22/2017
Oats,0,,,2,0,6/8/2017
shine.exe,0,,,2,0,6/18/2017
Capt. Pollcan,0,,,2,0,3/2/2017
Vost,0,,,2,0,2/10/2017
Bindorandanowitz,0,,,4,0,9/29/2017
Tbaree,0,,,2,0,9/23/2017
Lotion Man,0,,,4,0,2/25/2017
Lxmited,0,,,2,0,4/2/2017
tryhardtrain,0,,,2,0,3/3/2017
Collin,0,,,2,0,6/27/2017
Joe,0,,,2,0,3/27/2017
Datguy,0,,,2,0,6/22/2017
HI,0,,,2,0,6/29/2017
Xeno,0,Falco,,3,0,3/11/2017
Nikos,0,,,4,0,9/17/2017
Boi,0,,,5,20,10/6/2017
DOGG,0,Samus,,24,4,9/27/2017
Von,0,,,7,14,10/6/2017
David (Tri-City),0,,,2,0,6/8/2017
Bosco Sticks,0,,,8,0,10/12/2017
JB,0,,,4,0,9/21/2017
HydroPsycho,0,,,10,0,10/5/2017
gary,0,,,4,0,9/17/2017
Pear,0,,,4,0,9/5/2017
kvn,0,,,2,0,9/5/2017
Moo,0,,,5,20,10/6/2017
Shoepants,0,,,10,0,10/6/2017
Boat,0,Luigi,Fenton,20,0,9/10/2017
SlickNick,0,,,10,0,10/6/2017
Delta,0,Fox,Flint,2,0,9/27/2017
Jonah,0,,,9,11,10/6/2017
Jet,0,,,5,20,8/25/2017
Cagnar,0,,,12,8,7/18/2017
Plumbus,0,,,49,4,10/13/2017
UUUU,0,,,11,9,5/24/2017
Capp,0,,,8,12,6/21/2017
wasted,0,,,9,0,10/6/2017
Flask,0,Ness,,90,3,10/6/2017
Faizen,0,,,8,0,8/9/2017
K1LLLAG,0,Link,,6,0,10/6/2017
The SwordBotanist,0,,,9,0,10/6/2017
Oops,0,,,3,0,6/5/2017
Pierogi,0,,,12,0,10/6/2017
Tekt,0,,,24,4,9/7/2017
George,0,,,3,0,8/11/2017
gren,0,,,4,0,10/5/2017
PFL,0,,,8,0,4/22/2017
Chris (HTL),0,,,4,0,4/13/2017
Gettem,0,,,10,10,7/12/2017
Mr.L,0,,,6,0,8/18/2017
Van,0,,,4,0,9/21/2017
Dave (END 4),0,,,4,0,7/20/2017
Stegosaurus,0,,,6,0,1/25/2017
Tricky mcgee,0,,,4,0,4/6/2017
SweetBabyRay,0,,,11,9,10/5/2017
Ally Jr.,0,,,4,0,6/23/2017
Ora,0,,,7,0,4/22/2017
Awoo,0,,,22,0,10/2/2017
Ramis,0,,,2,0,5/1/2017
Oven Fresh Pastry,0,,,4,0,7/31/2017
Noggen,0,,,2,0,2/13/2017
Daddy,0,,,6,0,4/3/2017
Theo,0,,,2,0,2/23/2017
Moyer1666,0,,,7,0,6/14/2017
Twink,0,,,2,0,5/10/2017
Spook,0,,,2,0,2/18/2017
Bambi,0,,,4,0,2/25/2017
SquidKid,0,Samus,Chelsea,5,0,8/4/2017
El Mexicano,0,,,2,0,8/9/2017
Link>Everyone,0,,,6,0,7/31/2017
chefski,0,,,2,0,7/17/2017
ryan (BBW),0,,,2,0,7/16/2017
FrostFist,0,,,5,0,6/3/2017
APieceOf Corn,0,,,2,0,7/13/2017
Kevin,0,,,4,0,3/15/2017
stu,0,,,6,0,6/14/2017
FreeWind,0,,,2,0,6/9/2017
Avidist,0,,,3,33,6/7/2017
Dreamfunk,0,,,15,6,7/13/2017
Mr McDudeGuy,0,Samus,,8,0,10/6/2017
Dalices,0,,,2,0,5/11/2017
Dashing Jesus,0,,,2,0,5/6/2017
THE LOG,0,,,5,0,10/6/2017
Warrior,0,,,2,0,4/17/2017
sploof,0,,,5,0,4/22/2017
ISG Sawft Wolf,0,,,2,0,3/4/2017
Biaza,0,,,6,0,4/14/2017
Prinnt,0,,,4,0,3/21/2017
MTG,0,,,2,0,3/6/2017
Price is Right,0,,,8,0,4/17/2017
Hamballs,0,,,2,0,3/20/2017
Miu,0,,,9,11,9/1/2017
SunWalker,0,,,1,0,2/11/2017
Soldering man,0,,,2,0,2/23/2017
newfangledpower,0,,,2,0,2/18/2017
MakVG,0,,,8,0,10/6/2017
Bhop,0,Marth,,2,0,1/14/2017
Dinkus,0,,,2,0,8/11/2017
buscemi,0,Falco,,2,0,1/9/2017
Woogles,0,,,3,0,1/4/2017
ultrabob,0,,,2,0,1/4/2017
bort,0,,,2,0,2/6/2017
Jack,0,,,14,0,5/20/2017
DeathforGold,0,,,8,0,2/22/2017
phlops,0,Fox,,22,4,10/13/2017
springbreak2004,0,,,2,0,1/4/2017
jyun,0,Marth,,2,0,1/4/2017
Ice (not Mustafa),0,,,2,0,1/4/2017
aptx,0,,,2,0,1/9/2017
Fan,0,,,4,0,1/14/2017
Namaste,0,,,6,0,3/5/2017
sireddie,0,,,2,0,1/9/2017
Tib,0,Peach,,6,0,8/25/2017
bobby,0,,,2,0,2/6/2017
Nyx,0,,,2,0,2/22/2017
TMDG,0,,,2,0,3/1/2017
nambu,0,,,8,0,4/22/2017
McSpammer,0,,,2,0,1/14/2017
Peon,0,,,6,0,2/11/2017
Axis,0,,,2,0,1/14/2017
Quien?,0,,,2,0,1/14/2017
BumpaDump,0,,,8,0,3/11/2017
Ez Money,0,,,2,0,1/14/2017
AV1N,0,,,2,0,1/14/2017
confusion,0,,,2,0,1/14/2017
Shanondorf,0,,,2,0,1/14/2017
Yung,0,,,2,0,1/14/2017
Wonov,0,,,2,0,1/14/2017
Kadroh,0,,,2,0,1/14/2017
SpitzLee,0,,,2,0,1/14/2017
Maxo the Midge,0,,,2,0,1/14/2017
Brizola,0,,,2,0,1/14/2017
Un0,0,,,1,0,1/14/2017
Josephdn,0,,,2,0,1/14/2017
Jabloinks,0,,,2,0,1/14/2017
Ninja,0,,,2,0,1/14/2017
Agouti,0,,,2,0,1/14/2017
Manifesto,0,,,2,0,1/14/2017
Apasher,0,,,2,0,2/11/2017
WillDaBeast,0,,,7,0,7/10/2017
Kii,0,,,5,0,5/25/2017
Herz,0,,,6,0,2/13/2017
btashed,0,,,2,0,1/23/2017
0ops,0,,,2,0,1/30/2017
SpaceNeedle,0,,,2,0,1/28/2017
REI,0,,,2,0,2/18/2017
Northbad,0,,,4,0,8/9/2017
Dachibz,0,,,2,0,1/10/2017
S.I.E.,0,,,2,0,1/27/2017
Docnaq,0,,,2,0,2/10/2017
Scotter338,0,,,2,0,2/10/2017
Moogle,0,,,2,0,3/10/2017
Lowell Wolf,0,,,2,0,2/27/2017
Ty,0,,,2,0,2/27/2017
Provable,0,,,4,0,10/6/2017
ollux,0,,,4,0,10/6/2017
The Harem God,0,,,3,0,3/11/2017
Dreamcoat,0,,,3,0,3/11/2017
Cobrain,0,,,2,0,3/11/2017
Hamburger boy,0,,,1,0,3/11/2017
L,0,,,1,0,3/11/2017
KJ,0,,,4,0,10/6/2017
Tatsu,0,,,7,0,1/19/2017
Blue Baller,0,,,2,0,2/23/2017
HAEBAER,0,,,4,0,3/23/2017
IDK,0,,,2,0,3/2/2017
Dev,0,,,2,0,3/9/2017
Hamer,0,,,4,0,10/12/2017
StewBird,0,,,2,0,1/16/2017
ENW,0,,,4,0,1/25/2017
Sir Lionel,0,,,19,0,9/29/2017
sqch,0,,,2,0,1/18/2017
b^2,0,,,3,0,2/22/2017
s.o.d,0,,,2,0,1/25/2017
DK,0,,,1,0,2/22/2017
Honeycomb,0,,,2,0,2/8/2017
PlayerW22,0,,,2,0,1/27/2017
Briggs,0,,,2,0,1/27/2017
Warmup,0,,,2,0,2/10/2017
M2Queen,0,,,2,0,2/10/2017
Theta,0,,,2,0,3/10/2017
Allshamnowow,0,,,2,0,3/17/2017
Vader,0,,,2,0,3/20/2017
VRablic,0,,,2,0,1/18/2017
Pegleg,0,,,2,0,2/8/2017
Hercules,0,,,2,0,1/30/2017
Jesse,0,,,2,0,2/13/2017
Xuinn,0,,,2,0,2/27/2017
Idon'tknow,0,,,2,0,3/27/2017
Toast,0,,,1,0,3/31/2017
borata,0,,,2,0,4/2/2017
FCBucs,0,,,2,0,4/2/2017
Hank Waffles,0,,,2,0,4/2/2017
Larrold,0,,,3,0,3/28/2017
KuroNeko,0,,,3,0,3/28/2017
Big Ben,0,,,2,0,4/11/2017
Dopamine,0,Dr. Mario,,2,0,4/14/2017
HEY BETER,0,,,2,0,4/13/2017
Newp,0,,,9,0,8/20/2017
Whicash,0,,,2,0,3/25/2017
Hasty,0,,,6,0,10/6/2017
Chevy,0,,,4,0,4/22/2017
YungC,0,,,4,0,4/22/2017
Cheese,0,,,1,0,4/24/2017
CrakRock,0,,,2,0,4/24/2017
EGMadness,0,,,2,0,4/27/2017
Bacpack,0,,,2,0,4/27/2017
Wolff,0,,,2,0,4/28/2017
segagatorade,0,,,2,0,4/29/2017
luke,0,,,2,0,4/30/2017
FF,0,,,2,0,4/30/2017
Reggie,0,,,2,0,4/30/2017
Dub,0,,,2,0,5/18/2017
Loganb113,0,,,3,0,5/20/2017
Pluto,0,,,3,0,5/20/2017
Boyne,0,,,4,0,10/6/2017
Dady,0,,,5,0,6/1/2017
Vile,0,,,2,0,5/22/2017
Yung M,0,,,2,0,5/24/2017
Omi,0,,,2,0,1/4/2017
Sute,0,Marth,,2,0,1/4/2017
Mad Cuz Bad,0,,,2,0,1/4/2017
NabNab,0,,,2,0,1/18/2017
Cipher,0,,,4,0,2/22/2017
JDMH,0,,,2,0,2/1/2017
Doubling 10 M,0,,,2,0,3/22/2017
Late With Starbucks,0,,,2,0,5/10/2017
Legacy,0,,,1,0,5/25/2017
NN7,0,,,2,0,5/27/2017
T3PO,0,,,2,0,5/27/2017
DylSwitch,0,,,2,0,5/27/2017
Dimarx,0,,,2,0,5/26/2017
Orange Pop,0,,,2,0,5/26/2017
Grovfu,0,,,2,0,5/27/2017
MAK,0,,,2,0,5/27/2017
Tyme,0,,,2,0,3/25/2017
MJR,0,,,6,0,7/16/2017
K-80,0,,,2,0,5/28/2017
static,0,,,2,0,5/31/2017
Dreadnought,0,,,2,0,5/31/2017
Imp9,0,,,7,0,7/12/2017
Myles,0,,,2,0,5/31/2017
Tempest,0,,,2,0,5/31/2017
Covfefe,0,,,2,0,5/31/2017
NCNS,0,,,4,0,6/15/2017
Baeblade,0,,,3,33,6/2/2017
Fudabuker,0,,,16,6,10/6/2017
Lombob,0,,,2,0,6/5/2017
Fathr,0,,,2,0,6/6/2017
Dreamboat,0,,,4,0,6/15/2017
Zander,0,,,2,0,6/1/2017
Osmosis Jessie,0,,,3,0,6/8/2017
Blak,0,,,2,0,1/1/2017
BEEF,0,,,2,0,1/1/2017
R.I.P.,0,,,2,0,1/1/2017
TheRealSoup,0,,,2,0,6/9/2017
NASA247,0,,,2,0,6/15/2017
Mr. Meeseeks,0,,,2,0,6/15/2017
SirMisterMr.,0,Marth,,2,0,6/16/2017
Spence,0,,,6,0,7/20/2017
Dunderman,0,,,1,0,6/22/2017
SleezyWeezel,0,,,2,0,6/23/2017
Cathx,0,,,2,0,6/1/2017
Ho She Winh,0,,,2,0,6/5/2017
Ghost of SD World,0,,,2,0,6/28/2017
HappyMealz,0,,,2,0,6/30/2017
XxDaRkSaSuKeXx69xX,0,,,2,0,7/6/2017
something,0,,,2,0,7/6/2017
1q,0,,,2,0,7/6/2017
Chief,0,,,2,0,7/6/2017
Evan,0,,,6,0,7/24/2017
Jbear,0,,,2,0,7/10/2017
Pyro,0,,,2,0,7/10/2017
Dissapointing Piece of Shit,0,,,2,0,7/13/2017
Spencer,0,,,5,0,1/6/2017
Moonunit,0,,,2,0,7/16/2017
BougBimmaBome,0,,,2,0,7/17/2017
Mister Handy,0,,,2,0,7/17/2017
Lv100Cubone,0,,,2,0,7/20/2017
Hunter,0,,,1,0,7/24/2017
musty crawl space,0,,,2,0,7/24/2017
Hazmat,0,,,6,0,7/25/2017
BoneR,0,,,2,0,7/27/2017
Doofal,0,,,2,0,7/28/2017
Saints Shatter,0,,,2,0,7/31/2017
Septic Tank,0,,,2,0,7/31/2017
Hex,0,,,2,0,8/3/2017
SevenHeaven,0,,,2,0,8/4/2017
Syko,0,,,2,0,8/8/2017
Adi,0,,,2,0,8/9/2017
RORO,0,,,2,0,8/9/2017
Godfreo,0,,,2,0,8/9/2017
Yung C,0,,,2,0,8/9/2017
Boonk,0,,,2,0,8/10/2017
gyk,0,,,7,0,8/19/2017
Most Palone,0,,,2,0,8/17/2017
Wake,0,,,2,0,8/17/2017
Crapachu,0,,,2,0,8/18/2017
Flabio,0,,,1,0,8/18/2017
eMRay,0,,,11,9,8/19/2017
Luigi,0,,,2,0,7/31/2017
SaltyZebraAnus,0,,,2,0,8/24/2017
DemonBeast,0,,,2,0,8/24/2017
Godzilla,0,,,2,0,8/24/2017
Jaylen,0,,,4,0,9/1/2017
manders,0,,,4,0,9/1/2017
chkn,0,,,4,0,9/17/2017
The Illusion,0,,,6,0,10/3/2017
Max Schersey,0,,,8,0,9/28/2017
Hydronium,0,,,4,0,9/21/2017
Delerious,0,,,12,0,10/12/2017
Shortythree,0,,,2,0,9/7/2017
Joey Doukenda,0,Falco,,20,0,9/9/2017
Dotts,0,,,2,0,9/14/2017
Pizzashit,0,,,10,0,10/12/2017
Mr. T,0,,,2,0,9/15/2017
golden,0,,,2,0,9/17/2017
Iray,0,,,2,0,9/17/2017
Aas,0,,,2,0,9/17/2017
Chalks,0,,,2,0,9/17/2017
Elijahsoimck13,0,,,2,0,9/16/2017
Moros,0,,,6,0,9/30/2017
Dron,0,,,2,0,9/16/2017
Spoooncer,0,,,2,0,9/16/2017
Doctor Jesus,0,,,2,0,9/21/2017
Doob,0,,,2,0,9/22/2017
Griffey,0,,,12,0,10/13/2017
Saruto,0,,,4,0,10/6/2017
uuuuuuuuggghhh,0,,,2,0,9/28/2017
MagicMeyer,0,,,2,0,9/28/2017
HaerBear,0,,,4,0,10/12/2017
Doonee,0,,,2,0,10/6/2017
shredflintstone,0,,,2,0,10/6/2017
KickPunch,0,,,2,0,10/6/2017
fish,0,,,2,0,10/6/2017
not that good,0,,,2,0,10/6/2017
Second Worst,0,,,2,0,10/6/2017
Blenderer,0,,,2,0,10/6/2017
Jkingomango,0,,,2,0,10/6/2017
Shafournee,0,,,2,0,10/6/2017
ZrAcid,0,,,2,0,10/6/2017
Vallarris,0,,,2,0,10/6/2017
Fadversity,0,,,2,0,10/6/2017
Kast,0,,,1,0,10/6/2017
Barry Seanders,0,,,2,0,10/6/2017
Yawn Man.,0,,,2,0,10/6/2017
EZ High,0,,,2,0,10/6/2017
Ryan (TBH),0,,,2,0,10/6/2017
Failuyr,0,,,2,0,10/6/2017
Jorbic,0,,,2,0,10/6/2017
chicken,0,,,2,0,10/6/2017
brucey-fruit,0,,,1,0,10/6/2017
Zortaq,0,,,2,0,10/6/2017
Mumen,0,,,2,0,10/6/2017
Hot Dinner,0,,,2,0,10/6/2017
HUNTR,0,,,2,0,10/6/2017
Saskwach,0,,,2,0,10/6/2017
Bonesaw,0,,,6,0,10/10/2017
Professor Spruce,0,,,2,0,10/6/2017
Armo,0,,,2,0,10/6/2017
book,0,,,2,0,10/6/2017
Park,0,,,2,0,10/6/2017
Chicken Tender,0,,,2,0,10/6/2017
Jun,0,,,2,0,10/6/2017
Arris,0,,,2,0,10/6/2017
Nimbus,0,,,2,0,10/6/2017
Tourmaline,0,,,2,0,10/6/2017
Floopy Waffles,0,,,2,0,10/6/2017
Whiscash King,0,,,2,0,10/6/2017
Young Luvjoi,0,,,2,0,10/6/2017
Devin07,0,,,2,0,10/6/2017
radeeki,0,,,2,0,10/6/2017
Darth Jesus,0,,,2,0,10/6/2017
Last HAMurai,0,,,2,0,10/6/2017
ThunderPump,0,,,2,0,10/6/2017
Moose,0,,,2,0,10/6/2017
The Jackal,0,,,2,0,10/6/2017
The Prodigy,0,,,2,0,10/6/2017
nematodes,0,,,2,0,10/6/2017
Trono,0,,,2,0,10/6/2017
Diin,0,,,2,0,10/6/2017
DILF,0,,,2,0,10/6/2017
Mr.R,0,,,2,0,10/6/2017
King Cordel,0,,,2,0,10/6/2017
Ferrety,0,,,2,0,10/6/2017
Roosevelt,0,,,2,0,10/6/2017
Stone Boa,0,,,2,0,10/6/2017
Dennis,0,,,4,0,1/15/2017
Leafter,0,,,4,0,1/15/2017
Yumyum,0,,,6,0,1/22/2017
Rileboyc,0,,,4,0,1/15/2017
Jew,0,,,2,0,1/22/2017
RSS3,0,,,2,0,1/22/2017
Turnip 4 Wat?,0,,,2,0,1/22/2017
Keyline Dino,0,,,2,0,1/22/2017
Zimcha,0,,,2,0,2/18/2017
M post,0,,,2,0,2/18/2017
Daddy drill,0,,,2,0,2/18/2017
Aj100,0,,,2,0,3/25/2017
Latex,0,,,2,0,10/5/2017
Dream,0,,,2,0,10/6/2017
Taxi,0,,,2,0,10/6/2017
genericgamer,0,,,2,0,10/6/2017
cat wrestler,0,,,2,0,10/6/2017
Ish,0,,,2,0,10/6/2017
AFB,0,,,2,0,10/6/2017
(ON) Kirin,0,,<< Out of region >>,2,0,10/6/2017
Shum,0,,,2,0,10/6/2017
Bandit,0,,,2,0,10/6/2017
(MO) Moti,0,,<< Out of region >>,2,0,10/6/2017
Hurst,0,,,2,0,10/6/2017
(MA) pompom,0,,<< Out of region >>,2,0,10/6/2017
DoctaDredd,0,,,2,0,10/6/2017
(PA) Soopnoon,0,,<< Out of region >>,2,0,10/6/2017
DYLDOGE,0,,,2,0,10/6/2017
J.G.,0,,,2,0,10/6/2017
Sam,0,,,2,0,10/12/2017
stephen,0,,,7,0,10/13/2017
Jak,0,,,2,0,10/13/2017
Piggy,0,,,2,0,9/27/2017
Con,0,,,2,0,10/11/2017
I heard that you were upset about the local taco bell closing so I left you some roses as a way of saying sorry,0,,,2,0,10/15/2017
